Ticker,EntryDate,EntryPrice,EntryNumber,Status,ExitDate,ExitPrice,CurrentPrice
ACA,2026-01-28,114.97000122070312,entry1,Closed,2026-02-27,107.4800033569336,107.4800033569336
AES,2026-01-27,14.880000114440918,entry1,Active,,,17.280000686645508
AMAT,2026-01-28,336.4700012207031,entry1,Closed,2026-02-04,303.7300109863281,303.7300109863281
AMN,2026-01-27,20.739999771118164,entry1,Active,,,19.479999542236328
ASGN,2026-01-27,51.470001220703125,entry1,Closed,2026-02-11,47.71500015258789,47.71500015258789
ASB,2026-01-28,27.100000381469727,entry1,Closed,2026-02-23,27.190000534057617,27.190000534057617
BOH,2026-01-27,75.41999816894531,entry1,Closed,2026-02-27,75.7699966430664,75.7699966430664
BWA,2026-01-28,48.5099983215332,entry1,Closed,2026-01-30,47.29999923706055,47.29999923706055
CPT,2026-01-28,109.2300033569336,entry1,Closed,2026-02-03,106.42019653320312,106.42019653320312
CRS,2026-01-27,348.92999267578125,entry1,Closed,2026-01-29,306.625,306.625
DOCN,2026-01-27,61.66999816894531,entry1,Closed,2026-02-23,59.2400016784668,59.2400016784668
DTE,2026-01-27,136.9499969482422,entry1,Closed,2026-01-30,133.1649932861328,133.1649932861328
ECG,2026-01-28,94.9800033569336,entry1,Active,,,120.87000274658203
EBAY,2026-01-28,95.93000030517578,entry1,Closed,2026-02-04,89.58000183105469,89.58000183105469
EIX,2026-01-28,62.68999862670898,entry1,Active,,,74.73999786376953
EMN,2026-01-28,69.55000305175781,entry1,Active,,,75.51000213623047
ESE,2026-01-28,224.88999938964844,entry1,Active,,,277.2900085449219
ESI,2026-01-28,29.809999465942383,entry1,Closed,2026-02-03,28.690000534057617,28.690000534057617
EQIX,2026-01-28,812.6099853515625,entry1,Active,,,974.260009765625
EVRG,2026-01-27,76.83000183105469,entry1,Active,,,83.66000366210938
FNB,2026-01-28,17.489999771118164,entry1,Closed,2026-02-23,17.440000534057617,17.440000534057617
HLIT,2026-01-28,10.43000030517578,entry1,Closed,2026-01-29,9.859999656677246,9.949999809265137
HRL,2026-01-28,25.229999542236328,entry1,Closed,2026-01-30,24.21999931335449,24.21999931335449
HTH,2026-01-28,36.38999938964844,entry1,Closed,2026-02-23,37.59999847412109,37.59999847412109
INGR,2026-01-28,117.38999938964844,entry1,Closed,2026-02-25,116.44000244140624,116.44000244140624
INSW,2026-01-28,58.11000061035156,entry1,Closed,2026-02-05,59.70000076293945,59.70000076293945
JNJ,2026-01-28,225.5,entry1,Active,,,248.42999267578125
MO,2026-01-27,63.20000076293945,entry1,Closed,2026-01-29,60.44499969482422,60.44499969482422
NI,2026-01-28,44.59000015258789,entry1,Active,,,47.29999923706055
NWS,2026-01-28,31.030000686645508,entry1,Closed,2026-02-03,30.200000762939453,30.200000762939453
NWSA,2026-01-28,26.90999984741211,entry1,Closed,2026-02-03,26.15999984741211,26.15999984741211
PEP,2026-01-28,148.82000732421875,entry1,Closed,2026-02-17,161.9199981689453,161.9199981689453
POWI,2026-01-28,46.09000015258789,entry1,Closed,2026-02-06,44.73500061035156,44.73500061035156
PR,2026-01-27,14.979999542236328,entry1,Active,,,18.290000915527344
PSMT,2026-01-27,143.42999267578125,entry1,Active,,,154.6199951171875
RWT,2026-01-28,5.949999809265137,entry1,Closed,2026-01-30,5.525000095367432,5.525000095367432
SJM,2026-01-27,104.12999725341795,entry1,Closed,2026-02-17,106.22000122070312,106.22000122070312
SR,2026-01-27,84.56999969482422,entry1,Closed,2026-01-30,84.48999786376953,84.48999786376953
ST,2026-01-28,35.25,entry1,Closed,2026-01-28,34.36000061035156,34.36000061035156
STEL,2026-01-28,33.099998474121094,entry1,Closed,2026-02-25,38.209999084472656,38.209999084472656
SYY,2026-01-28,83.95999908447266,entry1,Active,,,91.16000366210938
UNFI,2026-01-27,36.66999816894531,entry1,Closed,2026-02-20,38.7400016784668,38.7400016784668
VFC,2026-01-27,20.100000381469727,entry1,Closed,2026-01-28,19.11000061035156,19.75
XHR,2026-01-28,15.06999969482422,entry1,Closed,2026-02-25,15.390000343322754,15.970000267028809
BWXT,2026-01-29,216.52999877929688,entry1,Closed,2026-02-04,199.6999969482422,199.6999969482422
CIEN,2026-01-29,258.42999267578125,entry1,Active,,,348.70001220703125
COR,2026-01-29,355.7900085449219,entry1,Closed,2026-02-04,338.2799987792969,338.2799987792969
CYTK,2026-01-29,65.31999969482422,entry1,Closed,2026-02-02,63.52999877929688,63.52999877929688
DLR,2026-01-29,164.9199981689453,entry1,Active,,,177.1999969482422
ETR,2026-01-29,97.72000122070312,entry1,Active,,,107.11000061035156
ETN,2026-01-29,349.2300109863281,entry1,Active,,,375.9200134277344
F,2026-01-29,13.890000343322754,entry1,Active,,,14.09000015258789
FLEX,2026-01-29,66.88999938964844,entry1,Closed,2026-01-30,63.040000915527344,63.35499954223633
MCK,2026-01-29,834.0700073242188,entry1,Active,,,987.3699951171875
TPL,2026-01-29,357.17999267578125,entry1,Closed,2026-02-02,341.2799987792969,341.2799987792969
PFGC,2026-01-29,98.11000061035156,entry1,Closed,2026-02-04,86.80500030517578,86.80500030517578
FN,2026-01-30,508.5499877929688,entry1,Closed,2026-02-03,436.114990234375,436.114990234375
GEV,2026-01-30,722.719970703125,entry1,Active,,,873.5999755859375
GLW,2026-01-30,105.4800033569336,entry1,Active,,,150.3800048828125
LPG,2026-01-30,29.84000015258789,entry1,Active,,,36.9900016784668
LUV,2026-01-30,49.119998931884766,entry1,Closed,2026-02-25,49.88999938964844,49.88999938964844
NYT,2026-01-30,73.29000091552734,entry1,Closed,2026-02-04,59.755001068115234,59.755001068115234
RRC,2026-01-30,38.11000061035156,entry1,Closed,2026-02-02,35.40999984741211,35.61000061035156
SPG,2026-01-30,189.8000030517578,entry1,Active,,,203.85000610351562
ED,2026-01-30,106.73999786376952,entry1,Active,,,112.5199966430664
EVRG,2026-02-02,76.76000213623047,entry2,Active,,,83.66000366210938
AEP,2026-02-02,119.87999725341795,entry1,Active,,,133.82000732421875
AVA,2026-02-02,41.310001373291016,entry1,Closed,2026-02-25,40.61000061035156,40.61000061035156
CL,2026-02-02,90.70999908447266,entry1,Active,,,99.13999938964844
CNP,2026-02-02,39.75,entry1,Active,,,43.5
CON,2026-02-02,22.200000762939453,entry1,Closed,2026-02-27,23.959999084472656,23.959999084472656
CPF,2026-02-02,32.77000045776367,entry1,Closed,2026-02-23,32.68000030517578,32.68000030517578
DCOM,2026-02-02,34.13999938964844,entry1,Closed,2026-02-19,34.0099983215332,34.0099983215332
DUK,2026-02-02,121.43000030517578,entry1,Active,,,130.85000610351562
EXC,2026-02-02,44.81999969482422,entry1,Closed,2026-02-04,43.34000015258789,43.34000015258789
FE,2026-02-02,47.40999984741211,entry1,Active,,,51.15999984741211
LIVN,2026-02-02,65.94999694824219,entry1,Closed,2026-02-12,63.90999984741211,63.90999984741211
MDT,2026-02-02,103.0199966430664,entry1,Closed,2026-02-11,100.19000244140624,100.19000244140624
MSCI,2026-02-02,612.969970703125,entry1,Closed,2026-02-03,581.47998046875,561.6699829101562
MZTI,2026-02-02,171.6999969482422,entry1,Closed,2026-02-03,160.5399932861328,161.77000427246094
NWBI,2026-02-02,12.920000076293944,entry1,Closed,2026-02-23,12.539999961853027,12.539999961853027
NWE,2026-02-02,68.25,entry1,Active,,,69.95999908447266
PECO,2026-02-02,36.25,entry1,Active,,,39.279998779296875
POR,2026-02-02,50.34000015258789,entry1,Active,,,53.959999084472656
REG,2026-02-02,73.06999969482422,entry1,Active,,,79.0
SIG,2026-02-02,93.25,entry1,Closed,2026-02-12,89.3499984741211,89.3499984741211
TWI,2026-02-02,9.609999656677246,entry1,Closed,2026-02-26,9.899999618530272,9.899999618530272
UTL,2026-02-02,51.25,entry1,Closed,2026-02-12,50.97999954223633,50.97999954223633
WCC,2026-02-02,293.0,entry1,Closed,2026-02-10,277.45001220703125,277.45001220703125
YUM,2026-02-02,156.67999267578125,entry1,Active,,,168.16000366210938
ESE,2026-02-02,231.63999938964844,entry2,Active,,,277.2900085449219
AMP,2026-02-02,533.0800170898438,entry1,Closed,2026-02-11,489.5299987792969,489.5299987792969
APD,2026-02-02,273.8999938964844,entry1,Closed,2026-02-13,279.739990234375,279.739990234375
BHE,2026-02-02,52.84000015258789,entry1,Active,,,57.810001373291016
BRX,2026-02-02,26.90999984741211,entry1,Active,,,30.270000457763672
D,2026-02-02,60.95000076293945,entry1,Active,,,63.13999938964844
FFBC,2026-02-02,28.89999961853028,entry1,Closed,2026-02-25,29.40999984741211,29.40999984741211
JBTM,2026-02-02,159.5,entry1,Closed,2026-02-24,163.86000061035156,163.86000061035156
BOH,2026-02-02,75.72000122070312,entry2,Closed,2026-02-27,75.7699966430664,75.7699966430664
CAT,2026-02-02,677.8300170898438,entry1,Active,,,742.8300170898438
DE,2026-02-02,529.989990234375,entry1,Active,,,629.7100219726562
INDB,2026-02-02,81.47000122070312,entry1,Closed,2026-02-19,82.16999816894531,82.16999816894531
ITW,2026-02-02,263.0599975585937,entry1,Active,,,290.6300048828125
MAN,2026-02-02,36.34999847412109,entry1,Closed,2026-02-12,29.209999084472656,29.209999084472656
TTMI,2026-02-02,103.5,entry1,Closed,2026-02-05,92.91999816894533,92.91999816894533
CRUS,2026-02-02,131.74000549316406,entry1,Closed,2026-02-03,124.58000183105467,138.32000732421875
RNST,2026-02-02,38.27000045776367,entry1,Closed,2026-02-23,38.91999816894531,38.91999816894531
CPRX,2026-02-02,24.799999237060547,entry1,Closed,2026-02-11,23.665000915527344,23.665000915527344
ARWR,2026-02-02,72.0,entry1,Closed,2026-02-05,65.55000305175781,65.55000305175781
USFD,2026-02-02,84.2699966430664,entry1,Active,,,96.61000061035156
AMN,2026-02-03,21.920000076293945,entry2,Active,,,19.479999542236328
ACA,2026-02-03,116.97000122070312,entry2,Closed,2026-02-27,107.4800033569336,107.4800033569336
ASB,2026-02-03,28.14999961853028,entry2,Closed,2026-02-23,27.190000534057617,27.190000534057617
EMN,2026-02-03,72.26000213623047,entry2,Active,,,75.51000213623047
HTH,2026-02-03,38.45000076293945,entry2,Closed,2026-02-23,37.59999847412109,37.59999847412109
INSW,2026-02-03,60.83000183105469,entry2,Closed,2026-02-05,59.70000076293945,59.70000076293945
ABM,2026-02-03,46.5099983215332,entry1,Closed,2026-02-12,43.43999862670898,43.43999862670898
ALGM,2026-02-03,38.290000915527344,entry1,Closed,2026-02-26,36.77000045776367,36.77000045776367
AOS,2026-02-03,74.88999938964844,entry1,Active,,,78.0
ARCB,2026-02-03,99.91999816894533,entry1,Active,,,102.66000366210938
ASTE,2026-02-03,50.9900016784668,entry1,Active,,,62.09000015258789
AVNS,2026-02-03,13.654999732971191,entry1,Active,,,14.100000381469727
BEN,2026-02-03,27.200000762939453,entry1,Closed,2026-02-23,27.06999969482422,27.06999969482422
CCK,2026-02-03,108.2699966430664,entry1,Active,,,114.5999984741211
CHD,2026-02-03,98.0500030517578,entry1,Active,,,104.86000061035156
DGX,2026-02-03,186.92999267578125,entry1,Active,,,211.91000366210938
DXPE,2026-02-03,137.0,entry1,Closed,2026-02-27,138.47000122070312,138.47000122070312
FBNC,2026-02-03,59.43999862670898,entry1,Closed,2026-02-23,58.91999816894531,58.91999816894531
GNRC,2026-02-03,173.0,entry1,Active,,,225.3699951171875
GOLF,2026-02-03,98.37000274658205,entry1,Closed,2026-02-25,99.48999786376952,99.48999786376952
HALO,2026-02-03,74.47000122070312,entry1,Closed,2026-02-19,72.04000091552734,72.04000091552734
HSY,2026-02-03,198.17999267578125,entry1,Active,,,236.27999877929688
KN,2026-02-03,25.40999984741211,entry1,Active,,,27.170000076293945
LH,2026-02-03,271.8599853515625,entry1,Closed,2026-02-17,276.6700134277344,276.6700134277344
LMAT,2026-02-03,86.95999908447266,entry1,Active,,,108.18000030517578
MOG-A,2026-02-03,320.9800109863281,entry1,Active,,,337.42999267578125
MRK,2026-02-03,113.88999938964844,entry1,Closed,2026-02-26,119.3000030517578,119.3000030517578
MRTN,2026-02-03,13.369999885559082,entry1,Active,,,13.59000015258789
MTDR,2026-02-03,44.18000030517578,entry1,Active,,,51.400001525878906
MTUS,2026-02-03,20.790000915527344,entry1,Closed,2026-02-12,20.700000762939453,20.700000762939453
MTSI,2026-02-03,236.509994506836,entry1,Closed,2026-02-04,215.02999877929688,213.4949951171875
MWA,2026-02-03,27.940000534057617,entry1,Active,,,29.93000030517578
NFG,2026-02-03,83.88999938964844,entry1,Active,,,91.02999877929688
NHC,2026-02-03,149.2899932861328,entry1,Active,,,163.5
ODFL,2026-02-03,186.3300018310547,entry1,Active,,,203.0500030517578
PCAR,2026-02-03,124.70999908447266,entry1,Closed,2026-02-19,124.9000015258789,124.9000015258789
PG,2026-02-03,153.72999572753906,entry1,Closed,2026-02-18,156.86000061035156,156.86000061035156
PH,2026-02-03,954.0,entry1,Active,,,1009.1799926757812
SNDK,2026-02-03,674.0,entry1,Active,,,635.3599853515625
ST,2026-02-03,35.95000076293945,entry1,Closed,2026-02-20,38.34999847412109,38.34999847412109
STBA,2026-02-03,43.63999938964844,entry1,Closed,2026-02-27,41.810001373291016,41.810001373291016
STLD,2026-02-03,186.6199951171875,entry1,Active,,,193.1300048828125
TMP,2026-02-03,81.7300033569336,entry1,Closed,2026-02-20,83.0,83.0
TR,2026-02-03,38.65999984741211,entry1,Active,,,42.22999954223633
VFC,2026-02-03,20.8700008392334,entry1,Closed,2026-02-12,20.18000030517578,20.18000030517578
VMC,2026-02-03,307.4599914550781,entry1,Closed,2026-02-17,302.2200012207031,302.2200012207031
WABC,2026-02-03,51.22999954223633,entry1,Closed,2026-02-24,51.470001220703125,51.470001220703125
WSR,2026-02-03,14.520000457763672,entry1,Active,,,15.1899995803833
WTS,2026-02-03,306.07000732421875,entry1,Active,,,328.739990234375
CDP,2026-02-03,31.1299991607666,entry1,Active,,,31.780000686645508
HZO,2026-02-03,31.299999237060547,entry1,Closed,2026-02-13,29.020000457763672,29.020000457763672
EZPW,2026-02-03,21.920000076293945,entry1,Active,,,26.530000686645508
ED,2026-02-04,107.81999969482422,entry2,Active,,,112.5199966430664
CON,2026-02-04,22.84000015258789,entry2,Closed,2026-02-27,23.959999084472656,23.959999084472656
D,2026-02-04,61.72999954223633,entry2,Active,,,63.13999938964844
AESI,2026-02-04,12.06999969482422,entry1,Closed,2026-02-06,11.600000381469728,11.600000381469728
AGCO,2026-02-04,117.0500030517578,entry1,Active,,,136.5
BCPC,2026-02-04,172.19000244140625,entry1,Closed,2026-02-20,171.3000030517578,171.3000030517578
CAKE,2026-02-04,60.09999847412109,entry1,Active,,,64.77999877929688
CC,2026-02-04,16.739999771118164,entry1,Active,,,18.239999771118164
CNH,2026-02-04,11.25,entry1,Closed,2026-02-26,12.149999618530272,12.149999618530272
CURB,2026-02-04,24.540000915527344,entry1,Active,,,27.809999465942383
DCI,2026-02-04,103.5,entry1,Closed,2026-02-26,92.16999816894533,92.16999816894533
DOV,2026-02-04,211.8800048828125,entry1,Active,,,225.5
DOW,2026-02-04,31.145000457763672,entry1,Closed,2026-02-26,29.89999961853028,29.89999961853028
ELS,2026-02-04,64.48999786376953,entry1,Active,,,67.16000366210938
EPC,2026-02-04,20.38999938964844,entry1,Closed,2026-02-09,19.770000457763672,19.770000457763672
EPR,2026-02-04,55.54999923706055,entry1,Active,,,59.40999984741211
FCPT,2026-02-04,24.729999542236328,entry1,Active,,,25.520000457763672
GPC,2026-02-04,145.1999969482422,entry1,Closed,2026-02-17,125.73999786376952,125.73999786376952
GRBK,2026-02-04,73.7699966430664,entry1,Closed,2026-02-25,74.41999816894531,74.41999816894531
IBP,2026-02-04,312.8699951171875,entry1,Closed,2026-02-25,300.739990234375,300.739990234375
ITT,2026-02-04,188.83999633789065,entry1,Closed,2026-02-26,204.13999938964844,204.13999938964844
JBLU,2026-02-04,5.739999771118164,entry1,Closed,2026-02-27,5.539999961853027,5.539999961853027
KAI,2026-02-04,336.239990234375,entry1,Closed,2026-02-19,327.0799865722656,327.0799865722656
KALU,2026-02-04,139.72000122070312,entry1,Closed,2026-02-19,127.0500030517578,127.0500030517578
KMI,2026-02-04,30.38999938964844,entry1,Active,,,33.27000045776367
KWR,2026-02-04,162.8300018310547,entry1,Closed,2026-02-25,149.75999450683594,149.75999450683594
LYB,2026-02-04,54.720001220703125,entry1,Active,,,57.52000045776367
MDU,2026-02-04,20.989999771118164,entry1,Closed,2026-02-09,20.0,20.0
MHK,2026-02-04,127.16000366210938,entry1,Active,,,125.2699966430664
OI,2026-02-04,16.09000015258789,entry1,Closed,2026-02-12,15.079999923706056,15.079999923706056
OTTR,2026-02-04,89.12999725341797,entry1,Closed,2026-02-10,85.93000030517578,85.93000030517578
OSK,2026-02-04,159.39999389648438,entry1,Active,,,170.02000427246094
PWR,2026-02-04,490.4700012207031,entry1,Active,,,563.0800170898438
RXO,2026-02-04,16.469999313354492,entry1,Closed,2026-02-12,12.989999771118164,12.989999771118164
SCI,2026-02-04,81.79000091552734,entry1,Closed,2026-02-12,78.7300033569336,78.7300033569336
SFBS,2026-02-04,86.19999694824219,entry1,Closed,2026-02-23,83.19999694824219,83.19999694824219
SO,2026-02-04,90.2300033569336,entry1,Active,,,97.37999725341797
TEX,2026-02-04,63.22999954223633,entry1,Active,,,68.79000091552734
TRNO,2026-02-04,62.61000061035156,entry1,Active,,,66.05999755859375
UFPI,2026-02-04,108.76000213623048,entry1,Active,,,102.91000366210938
UNIT,2026-02-04,8.204999923706055,entry1,Closed,2026-02-24,7.739999771118164,7.739999771118164
UPS,2026-02-04,114.3000030517578,entry1,Closed,2026-02-25,113.8499984741211,113.8499984741211
VVV,2026-02-04,34.2400016784668,entry1,Active,,,37.79999923706055
WLK,2026-02-04,91.58999633789062,entry1,Active,,,105.37999725341797
INGR,2026-02-04,121.87000274658205,entry2,Closed,2026-02-25,116.44000244140624,116.44000244140624
XHR,2026-02-04,15.220000267028809,entry2,Closed,2026-02-25,15.390000343322754,15.970000267028809
HTLD,2026-02-04,11.510000228881836,entry1,Closed,2026-02-25,10.670000076293944,10.670000076293944
KNX,2026-02-04,61.0,entry1,Closed,2026-02-12,59.900001525878906,59.900001525878906
LEG,2026-02-04,12.779999732971191,entry1,Closed,2026-02-12,11.449999809265137,11.449999809265137
MUSA,2026-02-04,439.6900024414063,entry1,Closed,2026-02-05,397.4200134277344,388.9150085449219
MBC,2026-02-04,13.3100004196167,entry1,Closed,2026-02-11,12.100000381469728,12.100000381469728
NSA,2026-02-04,32.84000015258789,entry1,Active,,,35.02000045776367
OC,2026-02-04,129.1300048828125,entry1,Closed,2026-02-23,129.3699951171875,129.3699951171875
NVR,2026-02-04,8000.0,entry1,Closed,2026-02-13,7507.43017578125,7507.43017578125
HFWA,2026-02-04,27.170000076293945,entry1,Closed,2026-02-19,28.0,28.0
ASGN,2026-02-04,53.29999923706055,entry2,Closed,2026-02-11,47.71500015258789,47.71500015258789
MLM,2026-02-04,676.739990234375,entry1,Active,,,676.5700073242188
TDY,2026-02-04,641.8099975585938,entry1,Active,,,681.0999755859375
BOH,2026-02-05,77.31999969482422,entry3,Closed,2026-02-27,75.7699966430664,75.7699966430664
PSMT,2026-02-05,149.5800018310547,entry2,Active,,,154.6199951171875
ADNT,2026-02-05,24.61000061035156,entry1,Closed,2026-02-19,25.020000457763672,25.020000457763672
AMCR,2026-02-05,48.79999923706055,entry1,Closed,2026-02-25,48.81999969482422,48.81999969482422
AMGN,2026-02-05,368.75,entry1,Active,,,388.1600036621094
APOG,2026-02-05,40.81999969482422,entry1,Closed,2026-02-27,39.81999969482422,39.81999969482422
ATI,2026-02-05,129.27999877929688,entry1,Active,,,163.58999633789062
AVNT,2026-02-05,39.34999847412109,entry1,Active,,,41.06999969482422
BGC,2026-02-05,9.140000343322754,entry1,Closed,2026-02-05,8.854999542236328,8.854999542236328
CBOE,2026-02-05,273.75,entry1,Closed,2026-02-06,273.3599853515625,273.6400146484375
CE,2026-02-05,53.56999969482422,entry1,Active,,,49.939998626708984
CLX,2026-02-05,120.16999816894533,entry1,Active,,,127.16000366210938
COST,2026-02-05,994.5999755859376,entry1,Active,,,1010.7899780273438
ECL,2026-02-05,289.3099975585937,entry1,Active,,,308.3500061035156
ESAB,2026-02-05,128.61000061035156,entry1,Active,,,126.16999816894531
FAF,2026-02-05,66.37000274658203,entry1,Active,,,70.11000061035156
FBIN,2026-02-05,61.25,entry1,Closed,2026-02-13,51.31999969482422,51.31999969482422
HCA,2026-02-05,503.739990234375,entry1,Active,,,529.7000122070312
HRL,2026-02-05,25.450000762939453,entry1,Closed,2026-02-11,23.8799991607666,23.8799991607666
IPAR,2026-02-05,101.56999969482422,entry1,Closed,2026-02-23,101.6999969482422,101.6999969482422
KVUE,2026-02-05,18.100000381469727,entry1,Active,,,19.1200008392334
LTC,2026-02-05,37.18000030517578,entry1,Active,,,39.68000030517578
MAS,2026-02-05,71.62000274658203,entry1,Active,,,71.62000274658203
MDLZ,2026-02-05,60.02999877929688,entry1,Closed,2026-02-19,58.63999938964844,58.63999938964844
MO,2026-02-05,65.33000183105469,entry1,Active,,,69.04000091552734
NGVT,2026-02-05,73.19999694824219,entry1,Active,,,72.02999877929688
O,2026-02-05,62.52999877929688,entry1,Active,,,67.0
RHI,2026-02-05,32.970001220703125,entry1,Closed,2026-02-12,25.38999938964844,25.38999938964844
RMD,2026-02-05,264.8800048828125,entry1,Active,,,256.260009765625
WEC,2026-02-05,113.95999908447266,entry1,Active,,,116.95999908447266
WPC,2026-02-05,70.69000244140625,entry1,Active,,,74.6500015258789
CSL,2026-02-05,398.7699890136719,entry1,Active,,,394.7699890136719
SSD,2026-02-05,194.0599975585937,entry1,Active,,,193.57000732421875
KIM,2026-02-05,21.65999984741211,entry1,Active,,,23.549999237060547
TOL,2026-02-05,152.0,entry1,Active,,,157.24000549316406
DEA,2026-02-05,23.8799991607666,entry1,Closed,2026-02-12,23.790000915527344,23.790000915527344
SPXC,2026-02-05,218.8699951171875,entry1,Active,,,226.94000244140625
SWK,2026-02-05,85.0999984741211,entry1,Active,,,86.48999786376953
BWA,2026-02-05,50.75,entry1,Active,,,57.56999969482422
NNN,2026-02-05,42.83000183105469,entry1,Active,,,45.31999969482422
TDY,2026-02-04,641.8099975585938,entry2,Active,,,681.0999755859375
EIX,2026-02-06,63.97999954223633,entry2,Active,,,74.73999786376953
EVRG,2026-02-06,77.8499984741211,entry3,Active,,,83.66000366210938
UNFI,2026-02-06,40.25,entry2,Closed,2026-02-20,38.7400016784668,38.7400016784668
SYY,2026-02-06,85.9000015258789,entry2,Active,,,91.16000366210938
CNP,2026-02-06,40.72999954223633,entry2,Active,,,43.5
AEE,2026-02-06,105.69000244140624,entry1,Active,,,113.27999877929688
CAH,2026-02-06,229.759994506836,entry1,Active,,,229.22999572753906
CRUS,2026-02-06,141.49000549316406,entry1,Active,,,141.1199951171875
CUBE,2026-02-06,38.65999984741211,entry1,Active,,,41.13999938964844
CWEN,2026-02-06,37.970001220703125,entry1,Active,,,38.310001373291016
CWEN-A,2026-02-06,35.41999816894531,entry1,Active,,,36.02000045776367
IDA,2026-02-06,135.60000610351562,entry1,Active,,,143.97000122070312
KLIC,2026-02-06,66.54000091552734,entry1,Active,,,69.72000122070312
LKFN,2026-02-06,63.209999084472656,entry1,Closed,2026-02-19,60.5,60.5
MSI,2026-02-06,419.05999755859375,entry1,Active,,,482.260009765625
MTX,2026-02-06,72.05999755859375,entry1,Active,,,70.62000274658203
OGE,2026-02-06,44.16999816894531,entry1,Active,,,49.13999938964844
ROL,2026-02-06,64.77999877929688,entry1,Closed,2026-02-12,58.68999862670898,58.68999862670898
SYNA,2026-02-06,88.52999877929688,entry1,Closed,2026-02-17,85.4000015258789,85.4000015258789
WWD,2026-02-06,381.5499877929688,entry1,Active,,,386.760009765625
ASH,2026-02-06,64.44000244140625,entry1,Active,,,62.36000061035156
GEF,2026-02-06,75.37999725341797,entry1,Closed,2026-02-20,74.63999938964844,74.63999938964844
SLAB,2026-02-06,206.6100006103516,entry1,Active,,,204.52999877929688
SW,2026-02-06,44.27999877929688,entry1,Active,,,47.0099983215332
CHH,2026-02-06,108.47000122070312,entry1,Closed,2026-02-23,106.76000213623048,106.76000213623048
TXRH,2026-02-06,190.0,entry1,Closed,2026-02-20,178.82000732421875,178.82000732421875
WGO,2026-02-06,49.810001373291016,entry1,Closed,2026-02-19,45.970001220703125,45.970001220703125
DOCN,2026-02-09,63.66999816894531,entry2,Closed,2026-02-23,59.2400016784668,59.2400016784668
EQIX,2026-02-09,848.8800048828125,entry2,Active,,,974.260009765625
ETN,2026-02-09,374.8999938964844,entry2,Active,,,375.9200134277344
SIG,2026-02-09,97.29000091552734,entry2,Closed,2026-02-12,89.3499984741211,89.3499984741211
ALGM,2026-02-09,41.78499984741211,entry2,Closed,2026-02-26,36.77000045776367,36.77000045776367
GNRC,2026-02-09,183.92999267578125,entry2,Active,,,225.3699951171875
PWR,2026-02-09,508.4500122070313,entry2,Active,,,563.0800170898438
AIN,2026-02-09,58.93000030517578,entry1,Closed,2026-02-24,54.83000183105469,54.83000183105469
APAM,2026-02-09,45.38999938964844,entry1,Closed,2026-02-13,42.59000015258789,42.59000015258789
BK,2026-02-09,124.45999908447266,entry1,Closed,2026-02-12,114.91000366210938,114.91000366210938
CENX,2026-02-09,52.77999877929688,entry1,Closed,2026-02-13,46.040000915527344,46.040000915527344
CHRD,2026-02-09,103.3499984741211,entry1,Active,,,108.37000274658203
CRGY,2026-02-09,10.175000190734863,entry1,Active,,,11.65999984741211
FIX,2026-02-09,1230.489990234375,entry1,Active,,,1429.3699951171875
KMX,2026-02-09,47.720001220703125,entry1,Closed,2026-02-12,40.959999084472656,40.959999084472656
MOS,2026-02-09,28.700000762939453,entry1,Closed,2026-02-23,28.729999542236328,28.729999542236328
MTZ,2026-02-09,260.25,entry1,Active,,,298.0199890136719
OKE,2026-02-09,82.02999877929688,entry1,Active,,,82.7699966430664
PRIM,2026-02-09,161.07000732421875,entry1,Closed,2026-02-24,151.9199981689453,151.9199981689453
STRL,2026-02-09,404.0,entry1,Active,,,428.1300048828125
TRGP,2026-02-09,211.6699981689453,entry1,Active,,,235.8000030517578
APG,2026-02-09,44.59999847412109,entry1,Active,,,44.459999084472656
CASH,2026-02-09,94.04000091552734,entry1,Active,,,90.79000091552734
JBL,2026-02-09,260.5599975585937,entry1,Active,,,264.989990234375
LQDT,2026-02-09,33.189998626708984,entry1,Closed,2026-02-12,30.270000457763672,30.270000457763672
MTSI,2026-02-09,240.8500061035156,entry1,Active,,,248.1199951171875
MYRG,2026-02-09,270.8800048828125,entry1,Active,,,269.9599914550781
NOG,2026-02-09,25.799999237060547,entry1,Active,,,27.59000015258789
STT,2026-02-09,133.11000061035156,entry1,Closed,2026-02-12,126.30999755859376,126.30999755859376
VIAV,2026-02-09,26.600000381469727,entry1,Active,,,29.709999084472656
AM,2026-02-09,19.43000030517578,entry1,Active,,,22.479999542236328
RSG,2026-02-09,221.63999938964844,entry1,Closed,2026-02-18,216.83999633789065,216.83999633789065
MTDR,2026-02-09,47.68000030517578,entry2,Active,,,51.400001525878906
KN,2026-02-09,27.36000061035156,entry2,Active,,,27.170000076293945
RCL,2026-02-09,348.20001220703125,entry1,Closed,2026-02-13,319.6099853515625,319.6099853515625
VNOM,2026-02-09,43.400001525878906,entry1,Active,,,46.540000915527344
ETR,2026-02-10,98.45999908447266,entry2,Active,,,107.11000061035156
KMI,2026-02-10,31.1200008392334,entry2,Active,,,33.27000045776367
TDY,2026-02-10,658.1799926757812,entry3,Active,,,681.0999755859375
BG,2026-02-10,118.87000274658205,entry1,Active,,,120.6500015258789
CBOE,2026-02-10,280.8900146484375,entry1,Active,,,299.7200012207031
CF,2026-02-10,95.18000030517578,entry1,Active,,,99.54000091552734
CMS,2026-02-10,72.94999694824219,entry1,Active,,,78.06999969482422
ESI,2026-02-10,30.940000534057617,entry1,Active,,,35.09000015258789
FTNT,2026-02-10,86.16999816894531,entry1,Closed,2026-02-23,75.5999984741211,75.5999984741211
HD,2026-02-10,385.7799987792969,entry1,Closed,2026-02-19,378.5799865722656,378.5799865722656
ICHR,2026-02-10,34.94499969482422,entry1,Active,,,47.54999923706055
KW,2026-02-10,9.93000030517578,entry1,Closed,2026-02-12,9.720000267028809,9.720000267028809
LCII,2026-02-10,155.0,entry1,Closed,2026-02-23,141.89999389648438,141.89999389648438
NEE,2026-02-10,89.77999877929688,entry1,Active,,,93.7699966430664
NEM,2026-02-10,121.11000061035156,entry1,Active,,,130.0
POOL,2026-02-10,265.44000244140625,entry1,Closed,2026-02-19,218.3600006103516,218.3600006103516
RBC,2026-02-10,552.97998046875,entry1,Active,,,575.9199829101562
UCTT,2026-02-10,51.220001220703125,entry1,Active,,,60.68000030517578
CRBG,2026-02-10,31.59499931335449,entry1,Closed,2026-02-19,30.06999969482422,30.06999969482422
FLR,2026-02-10,48.65999984741211,entry1,Active,,,52.310001373291016
GXO,2026-02-10,59.060001373291016,entry1,Active,,,62.83000183105469
IRM,2026-02-10,97.66999816894533,entry1,Active,,,108.33000183105469
PH,2026-02-10,987.3499755859376,entry2,Active,,,1009.1799926757812
CIEN,2026-02-10,297.010009765625,entry2,Active,,,348.70001220703125
RUN,2026-02-10,20.64999961853028,entry1,Closed,2026-02-11,19.15999984741211,18.200000762939453
DLR,2026-02-10,173.1300048828125,entry2,Active,,,177.1999969482422
LPG,2026-02-10,32.10499954223633,entry2,Active,,,36.9900016784668
NI,2026-02-11,45.0,entry2,Active,,,47.29999923706055
ANET,2026-02-11,145.03500366210938,entry1,Closed,2026-02-23,127.43000030517578,127.43000030517578
ARMK,2026-02-11,41.209999084472656,entry1,Active,,,41.849998474121094
EOG,2026-02-11,114.04000091552734,entry1,Active,,,124.08000183105469
ENTG,2026-02-11,137.0500030517578,entry1,Active,,,132.4499969482422
FANG,2026-02-11,165.9499969482422,entry1,Active,,,174.0800018310547
PEG,2026-02-11,83.36000061035156,entry1,Active,,,86.06999969482422
SXI,2026-02-11,262.5199890136719,entry1,Closed,2026-02-23,248.509994506836,248.509994506836
EVRG,2026-02-11,79.12000274658203,entry4,Active,,,83.66000366210938
POR,2026-02-11,51.43000030517578,entry2,Active,,,53.959999084472656
NXRT,2026-02-11,31.200000762939453,entry1,Closed,2026-02-12,29.549999237060547,29.76000022888184
SR,2026-02-11,87.3499984741211,entry1,Active,,,91.61000061035156
AES,2026-02-12,16.59000015258789,entry2,Active,,,17.280000686645508
FE,2026-02-12,48.09999847412109,entry2,Active,,,51.15999984741211
TEX,2026-02-12,69.6500015258789,entry2,Active,,,68.79000091552734
UNIT,2026-02-12,8.28499984741211,entry2,Closed,2026-02-24,7.739999771118164,7.739999771118164
HCA,2026-02-12,534.5900268554688,entry2,Active,,,529.7000122070312
MTSI,2026-02-12,239.3000030517578,entry2,Active,,,248.1199951171875
VIAV,2026-02-12,27.89999961853028,entry2,Active,,,29.709999084472656
COR,2026-02-12,366.4500122070313,entry1,Active,,,372.1400146484375
DECK,2026-02-12,116.98999786376952,entry1,Active,,,117.2699966430664
EPAC,2026-02-12,43.41999816894531,entry1,Closed,2026-02-23,41.02000045776367,41.02000045776367
HUBB,2026-02-12,519.1400146484375,entry1,Active,,,511.6300048828125
INSW,2026-02-12,62.959999084472656,entry1,Active,,,75.52999877929688
JHG,2026-02-12,48.369998931884766,entry1,Active,,,52.099998474121094
UFCS,2026-02-12,39.25,entry1,Active,,,38.86000061035156
UNF,2026-02-12,235.6300048828125,entry1,Active,,,234.82000732421875
UNFI,2026-02-13,41.36000061035156,entry3,Closed,2026-02-20,38.7400016784668,38.7400016784668
ED,2026-02-13,112.91999816894533,entry3,Active,,,112.5199966430664
AEP,2026-02-13,128.9199981689453,entry2,Active,,,133.82000732421875
CNP,2026-02-13,42.09999847412109,entry3,Active,,,43.5
POR,2026-02-13,52.66999816894531,entry3,Active,,,53.959999084472656
IBP,2026-02-13,346.7300109863281,entry2,Closed,2026-02-25,300.739990234375,300.739990234375
SO,2026-02-13,93.26000213623048,entry2,Active,,,97.37999725341797
AEE,2026-02-13,110.5,entry2,Active,,,113.27999877929688
GEF,2026-02-13,76.5999984741211,entry2,Closed,2026-02-20,74.63999938964844,74.63999938964844
CASH,2026-02-13,91.26000213623048,entry2,Active,,,90.79000091552734
BG,2026-02-13,123.23999786376952,entry2,Active,,,120.6500015258789
NEE,2026-02-13,93.58999633789062,entry2,Active,,,93.7699966430664
AZO,2026-02-13,3844.639892578125,entry1,Closed,2026-02-26,3660.0,3660.0
BGC,2026-02-13,9.550000190734863,entry1,Active,,,9.520000457763672
BJ,2026-02-13,102.3949966430664,entry1,Closed,2026-02-20,96.3499984741211,96.3499984741211
EXP,2026-02-13,237.1000061035156,entry1,Closed,2026-02-17,229.72000122070312,231.4900054931641
IRDM,2026-02-13,22.459999084472656,entry1,Closed,2026-02-26,22.489999771118164,22.489999771118164
LRCX,2026-02-13,238.9100036621093,entry1,Active,,,233.88999938964844
NJR,2026-02-13,54.18000030517578,entry1,Active,,,54.2400016784668
REGN,2026-02-13,796.719970703125,entry1,Active,,,781.6699829101562
VIR,2026-02-13,7.71999979019165,entry1,Active,,,9.09000015258789
AVA,2026-02-17,43.209999084472656,entry2,Closed,2026-02-25,40.61000061035156,40.61000061035156
BCPC,2026-02-17,181.1699981689453,entry2,Closed,2026-02-20,171.3000030517578,171.3000030517578
ELS,2026-02-17,68.08999633789062,entry2,Active,,,67.16000366210938
WEC,2026-02-17,115.80999755859376,entry3,Active,,,116.95999908447266
MSI,2026-02-17,462.7999877929688,entry2,Active,,,482.260009765625
CBOE,2026-02-17,275.1099853515625,entry2,Active,,,299.7200012207031
ACI,2026-02-17,18.59000015258789,entry1,Closed,2026-02-25,17.700000762939453,17.700000762939453
CHEF,2026-02-17,68.80999755859375,entry1,Active,,,71.38999938964844
CRI,2026-02-17,40.18000030517578,entry1,Closed,2026-02-27,33.54999923706055,33.54999923706055
CW,2026-02-17,693.6099853515625,entry1,Active,,,700.3300170898438
CWT,2026-02-17,46.560001373291016,entry1,Active,,,45.08000183105469
DG,2026-02-17,153.8800048828125,entry1,Active,,,156.24000549316406
FIZZ,2026-02-17,36.54999923706055,entry1,Active,,,36.349998474121094
GNTX,2026-02-17,24.940000534057617,entry1,Closed,2026-02-20,23.96999931335449,23.96999931335449
HTO,2026-02-17,55.0,entry1,Active,,,53.790000915527344
KRYS,2026-02-17,280.5350036621094,entry1,Closed,2026-02-19,262.6700134277344,262.6700134277344
MCHP,2026-02-17,79.16999816894531,entry1,Closed,2026-02-26,74.97000122070312,74.97000122070312
MSGS,2026-02-17,291.92999267578125,entry1,Active,,,331.6600036621094
TMUS,2026-02-17,219.97999572753903,entry1,Active,,,217.08999633789062
VC,2026-02-17,105.0500030517578,entry1,Closed,2026-02-19,93.91000366210938,93.91000366210938
XHR,2026-02-18,15.93000030517578,entry3,Closed,2026-02-25,15.390000343322754,15.970000267028809
LMAT,2026-02-18,89.80000305175781,entry2,Active,,,108.18000030517578
PH,2026-02-18,1014.6599731445312,entry3,Active,,,1009.1799926757812
VVV,2026-02-18,38.95000076293945,entry2,Active,,,37.79999923706055
NSA,2026-02-18,34.08000183105469,entry3,Active,,,35.02000045776367
NGVT,2026-02-18,76.22000122070312,entry2,Active,,,72.02999877929688
ARMK,2026-02-18,39.90999984741211,entry2,Active,,,41.849998474121094
ALB,2026-02-18,170.99000549316406,entry1,Active,,,178.6699981689453
ALL,2026-02-18,213.2400054931641,entry1,Active,,,214.52000427246094
BXMT,2026-02-18,19.75,entry1,Closed,2026-02-19,19.280000686645508,19.520000457763672
CFFN,2026-02-18,7.800000190734863,entry1,Closed,2026-02-24,7.300000190734863,7.300000190734863
EPRT,2026-02-18,32.720001220703125,entry1,Active,,,33.939998626708984
FDP,2026-02-18,41.04999923706055,entry1,Active,,,42.93000030517578
FUL,2026-02-18,67.66000366210938,entry1,Active,,,65.72000122070312
GIII,2026-02-18,30.96999931335449,entry1,Active,,,30.59000015258789
GL,2026-02-18,146.64999389648438,entry1,Closed,2026-02-23,142.64999389648438,142.64999389648438
KW,2026-02-18,10.890000343322754,entry1,Active,,,10.880000114440918
LIN,2026-02-18,483.7699890136719,entry1,Active,,,508.0799865722656
NCLH,2026-02-18,24.459999084472656,entry1,Active,,,24.790000915527344
RNR,2026-02-18,309.9100036621094,entry1,Active,,,302.4599914550781
SKYW,2026-02-18,107.75,entry1,Closed,2026-02-19,101.9499969482422,103.2300033569336
SNA,2026-02-18,383.30999755859375,entry1,Active,,,385.2200012207031
TJX,2026-02-18,156.99000549316406,entry1,Active,,,161.66000366210938
TKO,2026-02-18,211.509994506836,entry1,Active,,,223.8699951171875
TNC,2026-02-18,83.8499984741211,entry1,Closed,2026-02-24,63.02000045776367,63.02000045776367
TRV,2026-02-18,300.5199890136719,entry1,Active,,,308.6400146484375
WINA,2026-02-18,462.9500122070313,entry1,Closed,2026-02-24,448.0,448.0
PR,2026-02-19,17.739999771118164,entry2,Active,,,18.290000915527344
GEV,2026-02-19,832.9000244140625,entry2,Active,,,873.5999755859375
CHD,2026-02-19,102.91999816894533,entry2,Active,,,104.86000061035156
CCK,2026-02-19,114.44000244140624,entry2,Active,,,114.5999984741211
MTDR,2026-02-19,49.77999877929688,entry3,Active,,,51.400001525878906
MRK,2026-02-19,121.80999755859376,entry2,Closed,2026-02-26,119.3000030517578,119.3000030517578
NFG,2026-02-19,87.5999984741211,entry2,Active,,,91.02999877929688
MO,2026-02-19,67.12000274658203,entry2,Active,,,69.04000091552734
MTZ,2026-02-19,275.8599853515625,entry2,Active,,,298.0199890136719
NOG,2026-02-19,27.440000534057617,entry2,Active,,,27.59000015258789
VNOM,2026-02-19,45.02000045776367,entry2,Active,,,46.540000915527344
FANG,2026-02-19,174.1699981689453,entry2,Active,,,174.0800018310547
DECK,2026-02-19,119.16000366210938,entry2,Active,,,117.2699966430664
ACGL,2026-02-19,98.5500030517578,entry1,Active,,,100.1500015258789
ADAM,2026-02-19,8.149999618530273,entry1,Closed,2026-02-23,7.920000076293945,7.920000076293945
CNX,2026-02-19,40.84000015258789,entry1,Closed,2026-02-23,38.220001220703125,38.220001220703125
CRC,2026-02-19,58.15299987792969,entry1,Active,,,58.84000015258789
CRS,2026-02-19,382.0400085449219,entry1,Active,,,398.07000732421875
CTRA,2026-02-19,31.8700008392334,entry1,Closed,2026-02-25,29.89999961853028,29.89999961853028
FRPT,2026-02-19,73.44000244140625,entry1,Active,,,84.44999694824219
HII,2026-02-19,426.9700012207031,entry1,Active,,,444.5199890136719
LITE,2026-02-19,610.2999877929688,entry1,Active,,,700.9099731445312
NOC,2026-02-19,725.5499877929688,entry1,Active,,,724.3800048828125
OTIS,2026-02-19,92.79000091552734,entry1,Closed,2026-02-25,89.43000030517578,89.43000030517578
PBH,2026-02-19,66.86000061035156,entry1,Active,,,69.30000305175781
RGA,2026-02-19,223.42999267578125,entry1,Closed,2026-02-23,216.5800018310547,216.5800018310547
SM,2026-02-19,23.61000061035156,entry1,Closed,2026-02-26,21.1299991607666,21.1299991607666
WRB,2026-02-19,71.29000091552734,entry1,Active,,,71.69999694824219
F,2026-02-20,13.949999809265137,entry2,Active,,,14.09000015258789
SPG,2026-02-20,201.2400054931641,entry2,Active,,,203.85000610351562
WTS,2026-02-20,331.2099914550781,entry2,Active,,,328.739990234375
CURB,2026-02-20,26.920000076293945,entry2,Active,,,27.809999465942383
FLR,2026-02-20,53.72999954223633,entry2,Active,,,52.310001373291016
CB,2026-02-20,330.2699890136719,entry1,Active,,,340.8599853515625
CENT,2026-02-20,39.16999816894531,entry1,Active,,,39.189998626708984
CENTA,2026-02-20,34.810001373291016,entry1,Closed,2026-02-25,34.9900016784668,34.9900016784668
COLM,2026-02-20,64.51000213623047,entry1,Closed,2026-02-23,61.810001373291016,61.7400016784668
DVA,2026-02-20,148.75999450683594,entry1,Closed,2026-02-25,149.50999450683594,149.50999450683594
FIVE,2026-02-20,216.7899932861328,entry1,Active,,,223.52999877929688
FN,2026-02-20,513.9400024414062,entry1,Active,,,545.6300048828125
FR,2026-02-20,60.869998931884766,entry1,Active,,,63.13999938964844
KRG,2026-02-20,25.64999961853028,entry1,Active,,,26.049999237060547
MAC,2026-02-20,20.36000061035156,entry1,Active,,,20.469999313354492
MCW,2026-02-20,7.0,entry1,Active,,,7.119999885559082
TMHC,2026-02-20,67.77999877929688,entry1,Closed,2026-02-25,65.38999938964844,65.38999938964844
VRTX,2026-02-20,472.239990234375,entry1,Active,,,496.8299865722656
BOH,2026-02-23,80.11000061035156,entry4,Closed,2026-02-27,75.7699966430664,75.7699966430664
ECG,2026-02-23,109.31999969482422,entry2,Active,,,120.87000274658203
NI,2026-02-23,46.380001068115234,entry3,Active,,,47.29999923706055
PECO,2026-02-23,39.27000045776367,entry3,Active,,,39.279998779296875
DE,2026-02-23,666.9199829101562,entry2,Active,,,629.7100219726562
MOG-A,2026-02-23,345.9200134277344,entry2,Active,,,337.42999267578125
STBA,2026-02-23,44.84999847412109,entry2,Closed,2026-02-27,41.810001373291016,41.810001373291016
FCPT,2026-02-23,25.290000915527344,entry2,Active,,,25.520000457763672
MLM,2026-02-23,688.8099975585938,entry2,Active,,,676.5700073242188
CUBE,2026-02-23,40.34999847412109,entry3,Active,,,41.13999938964844
CHRD,2026-02-23,105.95999908447266,entry2,Active,,,108.37000274658203
CRGY,2026-02-23,10.78499984741211,entry2,Active,,,11.65999984741211
TRGP,2026-02-23,231.3999938964844,entry2,Active,,,235.8000030517578
CPAY,2026-02-23,353.1099853515625,entry1,Active,,,325.1000061035156
ECPG,2026-02-23,58.63999938964844,entry1,Active,,,68.29000091552734
STAG,2026-02-23,39.54999923706055,entry1,Active,,,39.220001220703125
VRE,2026-02-23,17.020000457763672,entry1,Active,,,18.850000381469727
VTOL,2026-02-23,47.0,entry1,Active,,,47.70000076293945
XHR,2026-02-24,16.18000030517578,entry4,Closed,2026-02-25,15.390000343322754,15.970000267028809
GLW,2026-02-24,148.6999969482422,entry2,Active,,,150.3800048828125
YUM,2026-02-24,166.97999572753906,entry3,Active,,,168.16000366210938
CHD,2026-02-24,105.75,entry3,Active,,,104.86000061035156
CDP,2026-02-24,32.779998779296875,entry2,Active,,,31.780000686645508
CAKE,2026-02-24,64.19999694824219,entry3,Active,,,64.77999877929688
AMGN,2026-02-24,381.7799987792969,entry3,Active,,,388.1600036621094
MTZ,2026-02-24,284.42999267578125,entry3,Active,,,298.0199890136719
FIX,2026-02-24,1465.489990234375,entry2,Active,,,1429.3699951171875
JBL,2026-02-24,270.1300048828125,entry2,Active,,,264.989990234375
ICHR,2026-02-24,51.15999984741211,entry2,Active,,,47.54999923706055
UCTT,2026-02-24,61.63999938964844,entry2,Active,,,60.68000030517578
ARMK,2026-02-24,40.81999969482422,entry3,Active,,,41.849998474121094
DECK,2026-02-24,119.0,entry3,Active,,,117.2699966430664
CW,2026-02-24,715.0,entry2,Active,,,700.3300170898438
ALL,2026-02-24,208.1000061035156,entry2,Active,,,214.52000427246094
TKO,2026-02-24,210.0,entry2,Active,,,223.8699951171875
CRS,2026-02-24,388.4400024414063,entry2,Active,,,398.07000732421875
CB,2026-02-24,335.2300109863281,entry2,Active,,,340.8599853515625
ADC,2026-02-24,79.33999633789062,entry1,Active,,,80.4800033569336
BOOT,2026-02-24,197.19000244140625,entry1,Active,,,189.22000122070312
CENX,2026-02-24,53.18000030517578,entry1,Active,,,51.560001373291016
CME,2026-02-24,314.19000244140625,entry1,Active,,,319.5
CSX,2026-02-24,42.52000045776367,entry1,Active,,,42.689998626708984
CTVA,2026-02-24,77.23999786376953,entry1,Active,,,80.12000274658203
FLEX,2026-02-24,65.66999816894531,entry1,Closed,2026-02-27,63.02000045776367,63.02000045776367
FTV,2026-02-24,58.52999877929688,entry1,Active,,,59.20000076293945
GVA,2026-02-24,135.77000427246094,entry1,Active,,,134.4600067138672
HOLX,2026-02-24,75.47000122070312,entry1,Active,,,75.36000061035156
HSIC,2026-02-24,81.98999786376953,entry1,Active,,,82.38999938964844
INVX,2026-02-24,27.280000686645508,entry1,Active,,,26.350000381469727
JCI,2026-02-24,144.5399932861328,entry1,Active,,,144.3000030517578
KEYS,2026-02-24,245.9499969482422,entry1,Active,,,307.3299865722656
MPT,2026-02-24,5.789999961853027,entry1,Active,,,5.760000228881836
OUT,2026-02-24,26.15999984741211,entry1,Active,,,28.809999465942383
OVV,2026-02-24,50.869998931884766,entry1,Active,,,50.59000015258789
OXM,2026-02-24,41.130001068115234,entry1,Active,,,39.59000015258789
RHP,2026-02-24,105.08999633789062,entry1,Active,,,98.75
ROIV,2026-02-24,27.809999465942383,entry1,Active,,,28.940000534057617
SIG,2026-02-24,97.62000274658205,entry1,Active,,,96.19000244140625
ST,2026-02-24,38.88999938964844,entry1,Active,,,37.34000015258789
TTMI,2026-02-24,108.62999725341795,entry1,Active,,,104.23999786376953
UAL,2026-02-24,113.5,entry1,Closed,2026-02-27,106.3000030517578,106.3000030517578
VICR,2026-02-24,186.27999877929688,entry1,Active,,,201.39999389648438
VIRT,2026-02-24,40.09000015258789,entry1,Active,,,41.40999984741211
WSC,2026-02-24,22.96999931335449,entry1,Active,,,21.610000610351562
ESE,2026-02-25,285.9100036621094,entry3,Active,,,277.2900085449219
GEV,2026-02-25,879.8900146484375,entry3,Active,,,873.5999755859375
HSY,2026-02-25,230.47999572753903,entry2,Active,,,236.27999877929688
KN,2026-02-25,28.46999931335449,entry3,Active,,,27.170000076293945
OSK,2026-02-25,178.97999572753906,entry2,Active,,,170.02000427246094
TDY,2026-02-25,685.1699829101562,entry4,Active,,,681.0999755859375
WWD,2026-02-25,396.7200012207031,entry2,Active,,,386.760009765625
VIAV,2026-02-25,29.670000076293945,entry3,Active,,,29.709999084472656
LRCX,2026-02-25,247.759994506836,entry3,Active,,,233.88999938964844
VIR,2026-02-25,10.289999961853027,entry3,Active,,,9.09000015258789
AMAT,2026-02-25,380.510009765625,entry1,Active,,,372.29998779296875
ASO,2026-02-25,61.630001068115234,entry1,Active,,,60.130001068115234
BTSG,2026-02-25,40.560001373291016,entry1,Closed,2026-02-26,40.130001068115234,41.43000030517578
DTM,2026-02-25,137.22000122070312,entry1,Active,,,138.83999633789062
HGV,2026-02-25,48.31999969482422,entry1,Closed,2026-02-27,44.959999084472656,44.959999084472656
HWM,2026-02-25,261.69000244140625,entry1,Active,,,262.5299987792969
HXL,2026-02-25,93.0,entry1,Active,,,92.69000244140625
MGM,2026-02-25,35.43000030517578,entry1,Active,,,36.86000061035156
SMTC,2026-02-25,91.47000122070312,entry1,Active,,,90.22000122070312
ETR,2026-02-26,106.66000366210938,entry3,Active,,,107.11000061035156
F,2026-02-26,14.489999771118164,entry3,Active,,,14.09000015258789
AEP,2026-02-26,132.85000610351562,entry3,Active,,,133.82000732421875
DUK,2026-02-26,129.1699981689453,entry2,Active,,,130.85000610351562
FE,2026-02-26,50.79999923706055,entry3,Active,,,51.15999984741211
POR,2026-02-26,53.540000915527344,entry4,Active,,,53.959999084472656
EZPW,2026-02-26,26.09000015258789,entry3,Active,,,26.530000686645508
MO,2026-02-26,69.9800033569336,entry3,Active,,,69.04000091552734
WPC,2026-02-26,73.41000366210938,entry2,Active,,,74.6500015258789
STRL,2026-02-26,467.5299987792969,entry2,Active,,,428.1300048828125
MYRG,2026-02-26,282.3299865722656,entry2,Active,,,269.9599914550781
AM,2026-02-26,22.32999992370605,entry2,Active,,,22.479999542236328
ENTG,2026-02-26,139.5,entry2,Active,,,132.4499969482422
COR,2026-02-26,366.4299926757813,entry3,Active,,,372.1400146484375
DG,2026-02-26,156.52999877929688,entry2,Active,,,156.24000549316406
ACGL,2026-02-26,99.51000213623048,entry2,Active,,,100.1500015258789
WRB,2026-02-26,72.04000091552734,entry3,Active,,,71.69999694824219
ADC,2026-02-26,79.6500015258789,entry2,Active,,,80.4800033569336
ACHC,2026-02-26,21.979999542236328,entry1,Active,,,23.440000534057617
AR,2026-02-26,34.540000915527344,entry1,Active,,,36.810001373291016
COO,2026-02-26,83.66000366210938,entry1,Active,,,83.66999816894531
CTAS,2026-02-26,199.2100067138672,entry1,Active,,,201.1300048828125
ES,2026-02-26,75.08999633789062,entry1,Active,,,76.20999908447266
EXC,2026-02-26,48.83000183105469,entry1,Active,,,49.470001220703125
FRT,2026-02-26,108.22000122070312,entry1,Active,,,108.7699966430664
GTY,2026-02-26,32.77000045776367,entry1,Active,,,32.81999969482422
HCSG,2026-02-26,21.729999542236328,entry1,Active,,,21.770000457763672
KAI,2026-02-26,347.44000244140625,entry1,Active,,,339.1700134277344
MMM,2026-02-26,167.6300048828125,entry1,Active,,,165.32000732421875
NVST,2026-02-26,29.86000061035156,entry1,Active,,,29.209999084472656
POWI,2026-02-26,48.72999954223633,entry1,Active,,,47.91999816894531
PPL,2026-02-26,38.45000076293945,entry1,Active,,,38.97999954223633
RGLD,2026-02-26,292.2300109863281,entry1,Active,,,299.7900085449219
SAIA,2026-02-26,404.4299926757813,entry1,Active,,,405.3900146484375
SBUX,2026-02-26,98.1999969482422,entry1,Active,,,98.0199966430664
SRE,2026-02-26,94.79000091552734,entry1,Active,,,96.2699966430664
TLN,2026-02-26,392.239990234375,entry1,Active,,,370.9700012207031
UPBD,2026-02-26,21.690000534057617,entry1,Active,,,21.450000762939453
WTRG,2026-02-26,39.97999954223633,entry1,Active,,,39.970001220703125
EQIX,2026-02-27,963.6300048828124,entry3,Active,,,974.260009765625
EVRG,2026-02-27,83.41999816894531,entry5,Active,,,83.66000366210938
NI,2026-02-27,46.90999984741211,entry4,Active,,,47.29999923706055
MCK,2026-02-27,977.27001953125,entry3,Active,,,987.3699951171875
SPG,2026-02-27,204.0500030517578,entry3,Active,,,203.85000610351562
CNP,2026-02-27,43.38999938964844,entry4,Active,,,43.5
NWE,2026-02-27,70.12999725341797,entry3,Active,,,69.95999908447266
REG,2026-02-27,78.69000244140625,entry4,Active,,,79.0
BRX,2026-02-27,30.51000022888184,entry2,Active,,,30.270000457763672
DGX,2026-02-27,211.5599975585937,entry2,Active,,,211.91000366210938
NFG,2026-02-27,89.5,entry3,Active,,,91.02999877929688
WLK,2026-02-27,103.66999816894533,entry2,Active,,,105.37999725341797
FAF,2026-02-27,69.0,entry4,Active,,,70.11000061035156
LTC,2026-02-27,40.540000915527344,entry2,Active,,,39.68000030517578
KIM,2026-02-27,23.65999984741211,entry2,Active,,,23.549999237060547
NNN,2026-02-27,45.209999084472656,entry2,Active,,,45.31999969482422
CAH,2026-02-27,229.5,entry3,Active,,,229.22999572753906
AEE,2026-02-27,112.47000122070312,entry3,Active,,,113.27999877929688
MSI,2026-02-27,473.4599914550781,entry3,Active,,,482.260009765625
CMS,2026-02-27,77.37000274658203,entry2,Active,,,78.06999969482422
RBC,2026-02-27,576.719970703125,entry2,Active,,,575.9199829101562
SR,2026-02-27,92.25,entry2,Active,,,91.61000061035156
ALL,2026-02-27,213.8500061035156,entry3,Active,,,214.52000427246094
NCLH,2026-02-27,25.040000915527344,entry2,Active,,,24.790000915527344
ECPG,2026-02-27,65.5,entry2,Active,,,68.29000091552734
VRTX,2026-02-27,483.6300048828125,entry2,Active,,,496.8299865722656
VIRT,2026-02-27,41.7599983215332,entry2,Active,,,41.40999984741211
AWK,2026-02-27,135.17999267578125,entry1,Active,,,136.02999877929688
AWR,2026-02-27,74.73999786376953,entry1,Active,,,74.52999877929688
BRK-B,2026-02-27,503.7200012207031,entry1,Active,,,504.95001220703125
CTRE,2026-02-27,41.305999755859375,entry1,Active,,,40.619998931884766
DOC,2026-02-27,17.700000762939453,entry1,Active,,,17.68000030517578
DRH,2026-02-27,10.34000015258789,entry1,Active,,,10.039999961853027
FCFS,2026-02-27,189.8999938964844,entry1,Active,,,192.7899932861328
GL,2026-02-27,146.8699951171875,entry1,Active,,,145.25999450683594
GRMN,2026-02-27,254.2700042724609,entry1,Active,,,252.8300018310547
KGS,2026-02-27,55.209999084472656,entry1,Active,,,54.56999969482422
LNT,2026-02-27,71.87999725341797,entry1,Active,,,72.33999633789062
NWN,2026-02-27,50.56999969482422,entry1,Active,,,53.040000915527344
OHI,2026-02-27,48.11000061035156,entry1,Active,,,48.27000045776367
PG,2026-02-27,164.5,entry1,Active,,,167.1999969482422
SBRA,2026-02-27,20.8799991607666,entry1,Active,,,20.549999237060547
SHO,2026-02-27,9.670000076293944,entry1,Active,,,9.279999732971191
UE,2026-02-27,21.3799991607666,entry1,Active,,,21.25
VSTS,2026-02-27,8.024999618530273,entry1,Active,,,7.869999885559082
